,word1,word2,prediction
0,abandon,consigning,-1.5741863789125066
1,abandon,left,-1.6427287256708143
2,abandon,soldier,-1.6537689263024995
3,about,wandering,-1.5768394493693882
4,abstract,moon,-1.656906292019501
5,abstract,rally,-1.8239029678230194
6,abundance,wealth,-1.2586384069988297
7,abuse,access,-1.6456925573698538
8,accepted,accepted,-0.0
9,accepted,acknowledged,-1.1722878577307374
10,access,approach,-1.5981225477199783
11,access,gateway,-1.3965122562826262
12,accommodation,arrangement,-1.5151213259258134
13,accommodation,settlement,-1.5441164814455945
14,accompany,walking,-1.6326226570620117
15,accomplishment,pass,-1.6843804934930147
16,account,invoice,-1.3462965416299308
17,account,statement,-1.5120935102104518
18,acoustic,remedy,-1.7382033769563496
19,acre,earthquake,-1.7499518730063695
20,acrylic,cloth,-1.2952036797971374
21,act,counter,-1.595053341038218
22,act,played,-1.6064551236572524
23,action,adjustment,-1.5203399182676225
24,activity,music,-1.6760652550613584
25,add,increased,-1.6586962706969397
26,add,string,-1.5436792965512254
27,adult,type,-1.5364390731064526
28,advance,advance,-0.0
29,advance,recovery,-1.5006840695641537
30,advance,string,-1.6789070372210892
31,adventure,rail,-1.7062327084632354
32,adventure,sixteen,-1.6689811867838862
33,advice,retail,-1.690044934437864
34,advocate,booster,-1.6666823639970205
35,age,childhood,-1.296656976151833
36,aged,develop,-1.6936098229021253
37,aged,worn,-1.604612194239784
38,agency,office,-1.3576890581025896
39,agent,motor,-1.7238227993275088
40,agent,nature,-1.6674109606509386
41,aim,purpose,-1.1600773012127505
42,air,carnival,-1.6653421930562073
43,air,cold,-1.3772733782859958
44,air,plasma,-1.55602317039221
45,aircraft,asphalt,-1.6535167316639474
46,aircraft,balloon,-1.4986776226193026
47,aircraft,guy,-1.7781903322692798
48,aircraft,yacht,-1.4580296360644092
49,airplane,plane,-0.8014288741465583
50,alarm,horn,-1.5249326640063947
51,alarm,press,-1.6698108539542538
52,albert,einstein,-1.1573372643844202
53,alley,punk,-1.5581196083083735
54,alloy,metal,-1.1775693514029868
55,american,lobster,-1.6780731896471601
56,anatomy,palm,-1.7030851192653695
57,ancient,city,-1.4363895443818253
58,ancient,pod,-1.7049013827202595
59,animal,hand,-1.5766351669417191
60,animal,pet,-1.0581431261465946
61,animal,wild,-1.2496724342262104
62,anniversary,birthday,-1.0150063521207005
63,answer,counter,-1.612207073460851
64,answer,plea,-1.5190583026856872
65,answering,react,-1.5848347818109476
66,anxiety,worry,-1.3568154137559694
67,apartment,bathroom,-1.216443747876061
68,apartment,beach,-1.3954049327594233
69,apartment,staircase,-1.4057625137476355
70,apartment,valley,-1.5571917451076114
71,apple,bank,-1.6973383840247676
72,apple,blossom,-1.3138558527044104
73,apple,cute,-1.5875481670859
74,apple,dessert,-1.2243185786849222
75,apple,fruit,-1.0420688626117962
76,application,use,-1.336480413039344
77,approach,avenue,-1.7096688292950781
78,approach,trench,-1.698670572915281
79,approval,encouragement,-1.5272585426750014
80,arab,coffee,-1.7962386950460896
81,arch,curve,-1.4754114965424843
82,arch,shoulder,-1.5234131591223248
83,architecture,engineering,-1.3172524927465747
84,architecture,urban,-1.3303240861498364
85,architecture,yellow,-1.721223831454048
86,area,patio,-1.4319500746567653
87,arm,arrow,-1.4499769227001291
88,arm,caterpillar,-1.6793359889624297
89,army,battleship,-1.505868890461355
90,aroma,fragrance,-1.070573274900229
91,arrange,string,-1.6520649783616976
92,arrangement,flower,-1.5147356710464464
93,arrow,boxer,-1.7084518267558715
94,art,beer,-1.6292838089324544
95,art,drive,-1.7212016138617117
96,art,gem,-1.4928372829151304
97,art,painting,-0.9606138602155424
98,art,work,-1.422707915865277
99,assessments,charge,-1.588682323822818
100,assets,credit,-1.343023403254141
101,assistant,secretary,-1.1328945640765478
102,association,realtor,-1.5500498107016014
103,assumption,conclusion,-1.1165581517872551
104,asylum,dollar,-1.7533108798596095
105,asylum,gem,-1.7755510401503738
106,athlete,participant,-1.4255256239896
107,athletics,broadcasting,-1.6159041004641608
108,attitude,respect,-1.279562759185566
109,attitude,study,-1.6479745577722504
110,attorney,lawyer,-0.5260586172624516
111,attraction,pressure,-1.6933038097567925
112,attraction,quality,-1.6870569338260852
113,attribute,condition,-1.5330656023997213
114,automobile,racing,-1.4307654367016174
115,autumn,sunshine,-1.1541505828144145
116,baby,treat,-1.5193847858277727
117,back,out,-0.9595737080512418
118,backward,educated,-1.6888492962696497
119,bacon,cooking,-1.193118179455854
120,bacon,dessert,-1.2047098259865898
121,bacon,eat,-1.224775706621454
122,bacon,potato,-0.8999525073687579
123,bag,cop,-1.6465199579546326
124,bag,wire,-1.498774050651564
125,bait,pump,-1.5888754648249084
126,bakery,cake,-1.2224557497141908
127,bakery,work,-1.7115390803481392
128,bakery,zebra,-1.7025154101394167
129,balance,gauge,-1.547439173854195
130,ball,curl,-1.5083708225440517
131,ball,egg,-1.5841797297436415
132,ball,situation,-1.6691957355271612
133,ball,sphere,-1.601865462170244
134,band,ear,-1.522148429474394
135,band,guitar,-1.0898778809852607
136,band,musician,-1.1525299267130105
137,band,punk,-1.0508617881442595
138,bar,boat,-1.5872783079519137
139,bar,cocktail,-1.2466545171592796
140,bar,pub,-1.1079023533686687
141,base,club,-1.6109459463010232
142,baseball,cheetah,-1.7558247689406343
143,baseball,rainbow,-1.6682289596405542
144,baseball,season,-1.3806593777173737
145,basket,moss,-1.5737256148303194
146,bat,bat,-0.0
147,bat,boy,-1.5385380969022366
148,bat,fruit,-1.6429404172352422
149,bat,march,-1.767182956434884
150,bat,turn,-1.6036965142422692
151,bath,floor,-1.2741604225080292
152,bath,patio,-1.2941245805021984
153,bathroom,bedroom,-0.8696146330490215
154,bathroom,room,-0.9675753041884764
155,bathroom,sitting,-1.3051341118301827
156,bathroom,staircase,-1.2243158145120454
157,battle,fight,-1.0153449678973814
158,battle,war,-1.0914794071666867
159,bay,curve,-1.7134106071227337
160,bead,chess,-1.6874047129998855
161,bead,redhead,-1.6815042474333965
162,beard,blonde,-1.3758542048420723
163,beard,flamingo,-1.6520812149357218
164,beard,sport,-1.634262313282211
165,beat,meter,-1.6642616627768163
166,bed,bedroom,-0.9386247324290845
167,bed,ceiling,-1.3933731589197307
168,bed,layer,-1.5630271709388595
169,bed,plant,-1.6113067513647967
170,bed,relax,-1.4424051107683853
171,bedroom,canyon,-1.6121503071056855
172,bedroom,cottage,-1.1528262170931831
173,bedroom,door,-1.2607078158211726
174,bedroom,floor,-1.074593851871661
175,bedroom,pool,-1.3542098705472754
176,bedroom,sleep,-1.4326263017819167
177,bedroom,stair,-1.461402811372485
178,beef,cooking,-1.1898456199028093
179,beef,deer,-1.494309402971309
180,beet,rank,-1.770903957365712
181,belief,magic,-1.5180398561287047
182,belief,purpose,-1.2063694918888772
183,believe,levy,-1.7428899584556754
184,belly,dark,-1.409955867561411
185,benefit,interest,-1.2703425578001848
186,benefited,help,-1.5908937931585518
187,bent,double,-1.5579401429851794
188,bent,inclination,-1.4838199575008957
189,berlin,germany,-1.1251274941096983
190,berry,flying,-1.724430659327223
191,berry,sweet,-1.3133584951318042
192,bible,misty,-1.7012023053927583
193,bicycle,green,-1.5333820833677203
194,bikini,ivy,-1.607951745570243
195,billboard,structure,-1.683437051164483
196,bin,box,-1.5967679510440804
197,bin,cup,-1.7533687260021542
198,bird,cock,-1.5393444750857486
199,bird,goose,-1.2591775872325628
200,bird,shade,-1.5154438785288447
201,birthday,happy,-1.2982188468246794
202,bishop,priest,-0.9684503909596861
203,bishop,seizure,-1.7272108371820605
204,bishop,wine,-1.756504938838078
205,bit,tool,-1.6123613579949774
206,bitter,bitter,-0.0
207,black,bright,-1.2238108959410194
208,black,brown,-1.0356608508495222
209,black,colour,-1.4087599330479623
210,black,grey,-1.0323693350588994
211,black,market,-1.7241003828306354
212,black,paint,-1.3506371974997182
213,black,purple,-1.005490847024872
214,black,seat,-1.5740193996003793
215,black,skirt,-1.207884692420212
216,black,stripe,-1.2692868272438054
217,black,white,-0.6871748112740175
218,blanket,covering,-1.4087337146132817
219,blast,smashing,-1.3448606626937583
220,bleach,white,-1.549679948212561
221,blessing,deal,-1.5717522110063302
222,blessing,patronage,-1.490304019496524
223,blonde,dark,-1.344425610727053
224,blonde,girl,-1.0203116509911023
225,blonde,hair,-1.211461527960352
226,blonde,redhead,-0.8400988760437411
227,blonde,wig,-1.2850301291621125
228,bloom,foliage,-1.1228666883665495
229,bloom,friend,-1.6673404909244334
230,bloom,glittering,-1.5455676619379017
231,bloom,plant,-1.3621171345955876
232,blossom,fruit,-1.250107359425927
233,blossom,purple,-1.2723855326216034
234,blow,contact,-1.7578944271779806
235,blue,color,-1.1146890921479389
236,blue,grey,-0.9874070816782328
237,blue,shade,-1.1957047102577618
238,blue,yellow,-0.7530140369817306
239,blues,rhythm,-1.2032381483002896
240,blur,eye,-1.429004132057048
241,blur,metro,-1.7116921296109162
242,board,commission,-1.193490435787871
243,board,recommendation,-1.3266698085811228
244,boast,complain,-1.4999162326653852
245,boast,explain,-1.646629891326607
246,boat,ferry,-1.0353735509654451
247,boat,negro,-1.733974959810937
248,boat,vessel,-1.0401317262924512
249,body,registration,-1.7083914361715529
250,bone,skull,-1.101496173826389
251,book,copper,-1.8069909044561279
252,book,fair,-1.5753961800701584
253,book,fine,-1.54444892541729
254,book,open,-1.6637649144834303
255,book,smoking,-1.7171299320246654
256,boot,punch,-1.5612524743231486
257,born,live,-1.47071111274882
258,born,play,-1.6755374900183477
259,born,son,-1.2175908302371077
260,born,subway,-1.7785767835146717
261,bottle,glass,-1.1026378106679198
262,bottle,wine,-1.0820493978156873
263,bounce,bounced,-1.1034496960251288
264,bounce,swing,-1.1812536941764307
265,box,return,-1.6379362808493318
266,boxer,lighthouse,-1.7367162711720865
267,boy,hand,-1.4495948889133519
268,boy,live,-1.5625314816377864
269,boy,male,-1.3379992995638128
270,brace,stand,-1.5533377713831809
271,branch,lego,-1.7505345224992799
272,branch,limb,-1.5400202883319347
273,branch,president,-1.5675368962930998
274,brandy,difficulty,-1.7976975330571434
275,brass,executive,-1.7576831790951903
276,bread,cover,-1.5309352691602056
277,bread,dessert,-1.001912742588825
278,bread,ocean,-1.688555938305169
279,bread,salad,-0.871151457127865
280,bread,sandwich,-0.9173950175184751
281,break,scattered,-1.6262906841759746
282,breakfast,restaurant,-1.1111802895989655
283,brick,cell,-1.6263148549490771
284,brick,concrete,-0.9986961969730932
285,brick,construction,-1.4051111165212462
286,brick,house,-1.2556907044634384
287,brick,porch,-1.142250890496819
288,brick,rabbit,-1.5977786887958325
289,brick,skyscraper,-1.3779949672628735
290,brick,staircase,-1.201447725497278
291,brick,wall,-1.1809012218845454
292,bride,dress,-1.1633162966515624
293,bright,dark,-1.0295441259402938
294,bright,glittering,-1.2432495207597591
295,bright,grey,-1.2903161237805596
296,bright,red,-1.0573500116928816
297,bright,sky,-1.1679473204032882
298,bright,sun,-1.235040032714325
299,broadcast,packet,-1.6073081767253037
300,brochure,reference,-1.5048548139444182
301,brokerage,politics,-1.7650171719576748
302,bronze,sculpture,-1.2099923690005623
303,brother,member,-1.5532062888349418
304,brown,feather,-1.415763021879944
305,brown,grey,-0.9971633672371992
306,brown,insect,-1.604264295449818
307,brown,purple,-1.1310670071038988
308,brown,violet,-1.271847452155494
309,brush,implement,-1.717083450834388
310,bubble,surface,-1.4786976827348646
311,buck,horse,-1.3959443879807272
312,bucket,duck,-1.4702735777956306
313,bucket,girl,-1.6282723126502734
314,bud,foliage,-1.4550286476367293
315,bud,shade,-1.4916953548588392
316,budget,scale,-1.5349914250230956
317,build,flesh,-1.697690002406716
318,building,cafe,-1.5335526645745923
319,building,construction,-1.0596854405942788
320,building,floor,-1.2636714967560647
321,building,interior,-1.432017249379895
322,building,sandwich,-1.6972982920708144
323,building,sidewalk,-1.401351846951621
324,building,zombie,-1.7446167365945502
325,bulgarian,nurse,-1.6821922219026073
326,bulletin,news,-1.426734846085599
327,bundle,deceive,-1.7622705555627434
328,burger,eat,-1.24475361799833
329,burger,frozen,-1.3674243966874349
330,burger,mac,-1.4378435192625572
331,burger,sandwich,-0.8605110436126723
332,burn,reading,-1.6735254874625591
333,burnt,treated,-1.614016349964396
334,bury,hide,-1.3090474109480337
335,bus,subway,-1.0741946996406138
336,butterfly,insect,-1.2835387791296533
337,butterfly,stadium,-1.737024712473427
338,button,police,-1.8142029043566117
339,cafe,dinner,-1.23857242051427
340,cafe,frog,-1.5584879741291593
341,cafe,lunch,-1.162070599735466
342,cafe,relax,-1.5054988632086959
343,cake,library,-1.7445305179697412
344,calendar,system,-1.6173358594824208
345,call,meeting,-1.572334618667252
346,call,statement,-1.5674971897371572
347,cambridge,harvard,-1.095444126613938
348,camel,highway,-1.6491371539547879
349,camel,outdoor,-1.5678750451855434
350,camera,painting,-1.5508966055722682
351,camera,photography,-1.3059499298231827
352,camp,camp,-0.0
353,camping,pitch,-1.6935839622197302
354,can,mill,-1.6827483035399444
355,canal,coffee,-1.7263044103307719
356,canal,number,-1.7821747689339167
357,candy,sweet,-1.1353130793122654
358,canine,dog,-1.0662017119729885
359,canyon,pizza,-1.6659931159928478
360,canyon,river,-1.0545700915041722
361,capital,seed,-1.7381897593554154
362,captain,officer,-1.2221186495250156
363,car,hawk,-1.6775088749415767
364,car,limousine,-1.1929679694706452
365,car,tongue,-1.7242303084396544
366,card,party,-1.6201835253197294
367,card,plastic,-1.5890058451654012
368,cardinal,village,-1.7523180097572664
369,carnivore,predator,-1.2619455618584459
370,carriage,coach,-1.7572456403382701
371,carrot,city,-1.8186604495614542
372,carrot,design,-1.7807059193665018
373,carrot,fruit,-1.071874181893633
374,carrot,memorial,-1.797737351436857
375,cartoon,wit,-1.5569234847311375
376,case,luggage,-1.6183783658618347
377,cash,credit,-1.0796052878382016
378,cast,gathering,-1.6453995265369668
379,cat,garden,-1.537900358333531
380,cat,jaguar,-1.4886974348552924
381,cat,licking,-1.4653052306247905
382,catering,loan,-1.6855806456483975
383,cd,stock,-1.6939993416792847
384,ceiling,door,-1.2531492260297017
385,ceiling,floor,-1.0092467296216676
386,ceiling,mug,-1.6525758192725688
387,ceiling,porch,-1.1965992090226532
388,cell,membrane,-1.3053256205725747
389,cemetery,cone,-1.7441045921985958
390,cemetery,graveyard,-1.0157185283688515
391,ceramic,live,-1.7624709957224765
392,ceramic,ocean,-1.6557359979559785
393,chair,rocker,-1.4524663137786293
394,chance,fortune,-1.4765194791460208
395,change,change,-0.0
396,change,energized,-1.6383243324127814
397,change,move,-1.254364835901161
398,change,yielding,-1.6459175718355064
399,channel,sound,-1.553410748550582
400,chapel,church,-0.9246887735230378
401,characteristic,nature,-1.3058060316932008
402,charge,sentence,-1.3910320593950762
403,check,draft,-1.6427367255294354
404,cheer,musician,-1.679562194914344
405,chef,paris,-1.632218139910917
406,chemical,salt,-1.52912668121722
407,chemistry,claim,-1.7315320711536397
408,cherry,dessert,-1.2345983940738734
409,cherry,fruit,-1.0241305641426277
410,cherry,peel,-1.263671114908677
411,cherry,vine,-1.271986424866711
412,chess,family,-1.698737602882942
413,chicken,lamb,-0.8612706050106393
414,chicken,pepper,-0.995863708580966
415,chicken,rice,-0.9422238592030463
416,chicken,rooster,-1.407359031185026
417,chicken,star,-1.7122245685295607
418,child,fun,-1.5839642073494042
419,chocolate,dessert,-0.8686186226500742
420,chooses,compare,-1.584004805514188
421,chopper,window,-1.6348439329149713
422,christmas,valentine,-1.1906651217947952
423,chuck,jaw,-1.524107527778435
424,church,graveyard,-1.3935501726042823
425,church,porch,-1.5199572922152675
426,church,soldier,-1.6135771560265846
427,cigarette,skating,-1.7988688760376828
428,circle,oval,-1.3091898384370748
429,circle,wig,-1.6762923795585993
430,circulation,circulation,-0.0
431,citation,citation,-0.0
432,city,downtown,-0.9826442882847297
433,city,kansas,-1.3103536053685956
434,city,live,-1.5402558022888972
435,city,ruin,-1.5827975538161436
436,city,skyline,-1.318217218257075
437,city,small,-1.5388424644603733
438,city,town,-0.8955843313797006
439,clean,remove,-1.2480639125974906
440,clear,clear,-0.0
441,clients,guest,-1.6383516658448753
442,cliff,sand,-1.3517814937818065
443,clock,stripe,-1.6339783780397257
444,closed,up,-1.467638796999441
445,closing,closing,-0.0
446,closing,finale,-1.591223432157327
447,cloud,energy,-1.5997468499888854
448,cloud,mist,-1.2024150944548053
449,cloud,misty,-1.3581401995771105
450,cloud,sunny,-1.5128278003571718
451,clown,flood,-1.782007816835394
452,club,cone,-1.728601002670487
453,club,match,-1.4380344203827837
454,club,play,-1.4518452105964348
455,club,sign,-1.5913563960112749
456,coast,downtown,-1.533724838482396
457,coast,glide,-1.6608054576474875
458,coast,lay,-1.6285630781424547
459,coast,slope,-1.5192674558925545
460,cock,penis,-1.3248582357333896
461,cocktail,garage,-1.6580884493467922
462,cocktail,restaurant,-1.3201150389474414
463,code,software,-1.3656029638416263
464,coffee,meeting,-1.6677511641023952
465,coffee,sun,-1.5671872978153991
466,coin,silver,-1.2624417242428054
467,coin,ticket,-1.549054887718592
468,cold,dripping,-1.382615791812707
469,cold,ear,-1.529341031631896
470,cold,hot,-1.080397149907649
471,cold,puddle,-1.41543349549984
472,cold,washing,-1.3780215387139916
473,cold,weather,-1.2301769219100227
474,collect,collect,-0.0
475,collection,data,-1.5590831630850093
476,collection,packet,-1.6611966863489738
477,collection,work,-1.5336161533954007
478,collision,smash,-1.5715026884727428
479,colony,depression,-1.7474715272322814
480,color,quality,-1.4338032457773873
481,color,wine,-1.5553401899024857
482,color,yellow,-1.1361164689132366
483,colorful,frame,-1.4658163437221754
484,colour,grey,-1.2935180867869673
485,colour,red,-1.3547074370538987
486,colour,wild,-1.6410838836619648
487,combination,education,-1.67414265939804
488,comfort,relief,-1.4849323682005762
489,commenting,note,-1.5072390713286095
490,commercial,manufacture,-1.391921805693577
491,commissions,order,-1.5197797926160737
492,communication,tune,-1.7277343547652404
493,communications,tableware,-1.7692217930952396
494,communications,transmission,-1.2865879352283132
495,community,territory,-1.5486727512272846
496,commuter,scottish,-1.772845718507551
497,comparison,scrutiny,-1.5680508088265535
498,compensation,offset,-1.469321274063696
499,computer,lab,-1.3548462700664248
500,concert,sing,-1.2809410453970909
501,concerts,settle,-1.7892211696593903
502,conclusion,conclusion,-0.0
503,concrete,construction,-1.2422800335592075
504,concrete,school,-1.704925207533596
505,condition,health,-1.4519345054606594
506,cone,windmill,-1.565134345746178
507,conference,lawyer,-1.6713976323936717
508,conservation,traveling,-1.702944442552823
509,construction,violet,-1.8445347037337345
510,construction,window,-1.6402408037430634
511,consume,supply,-1.4337431181044253
512,consumer,energy,-1.380332139244907
513,continent,ground,-1.6038456989969905
514,continue,keep,-1.216817073560589
515,convertible,pipe,-1.7180688475959505
516,cook,printer,-1.7347700406992412
517,cooking,salad,-1.1240085793926426
518,cooking,soup,-1.0364880747072405
519,cool,cool,-0.0
520,cool,jazz,-1.5678066397235457
521,copy,image,-1.4066644195694362
522,copy,work,-1.5493574145270126
523,corridor,hall,-1.423626447431428
524,cost,postage,-1.3512311505846184
525,costume,ocean,-1.7224471796703726
526,costume,radiation,-1.816807422023595
527,costume,shirt,-1.2713626008494203
528,cottage,sleep,-1.590299724748694
529,couch,lounge,-1.2637657369556634
530,couple,live,-1.489103731834541
531,couple,makeup,-1.6295356770559426
532,couple,square,-1.6078520001189638
533,course,workshop,-1.5028192534321745
534,cousin,relation,-1.6345681348427223
535,cover,dot,-1.5409318005999721
536,covering,covering,-0.0
537,crab,manufacturer,-1.7694660670558509
538,cracking,cracking,-0.0
539,craft,soup,-1.6243373484110675
540,craft,trade,-1.605337906073904
541,craft,van,-1.7053012893100135
542,crane,implement,-1.7386567299842899
543,crane,stair,-1.5162379926894682
544,crane,wild,-1.612397602324588
545,crash,striking,-1.6724212246732475
546,crash,swing,-1.6549769262377267
547,credit,credit,-0.0
548,credit,flap,-1.7510355361066252
549,credit,latin,-1.7204277471185931
550,credit,man,-1.7267991040041324
551,credit,money,-1.168821260433561
552,credit,ovation,-1.7516925119413895
553,credit,sum,-1.4824506726931284
554,crew,unit,-1.5809229926193296
555,criminal,possession,-1.3132820884694862
556,crochet,family,-1.7277158411653033
557,crochet,stitch,-1.006347321320796
558,cross,meet,-1.5670659175415136
559,cross,pub,-1.6420061301540034
560,cross,shopping,-1.6397091409881994
561,cross,tower,-1.5458499593632902
562,crystal,silhouette,-1.49066096617946
563,crystal,spiral,-1.4825236693194617
564,cube,dice,-1.3819471169325126
565,cucumber,potato,-0.9757868469581189
566,cup,handbag,-1.7273966279092061
567,cup,shape,-1.5791402889589776
568,curl,licking,-1.5427335482797024
569,currency,exchange,-1.0736580718427102
570,curve,rainbow,-1.6004892904298251
571,customer,mission,-1.6508594346311465
572,cute,fun,-1.1527551508062288
573,cute,guy,-1.2833719788059608
574,cute,lady,-1.2713049501742975
575,cute,music,-1.6198679121352817
576,cutter,knife,-1.1592988288157702
577,cutting,nip,-1.6255871934587107
578,dad,left,-1.559162262946318
579,daisy,grass,-1.511762250141956
580,daisy,violet,-1.334014544997316
581,damned,people,-1.485613927453023
582,dandelion,seed,-1.445086790438795
583,dark,flamingo,-1.6986629477227821
584,dark,grey,-1.0689697870867867
585,dark,purple,-1.0918414557205214
586,dark,rusty,-1.4479623985339931
587,dark,yellow,-1.1284278531236343
588,dashboard,protection,-1.687992219724297
589,database,list,-1.3237798177513316
590,dawn,drug,-1.7632675522209744
591,dawn,night,-1.215886340966279
592,dawn,sun,-1.2182603992417071
593,day,sunny,-1.420335911308046
594,dead,face,-1.5337244847780869
595,dead,hanging,-1.447234071869131
596,deaf,people,-1.449980698160241
597,death,funeral,-1.304040803260742
598,death,organic,-1.7632492294415558
599,death,texas,-1.6584194810497483
600,declare,promised,-1.3746004176761368
601,decoration,interior,-1.3632959040010388
602,decoration,set,-1.5583392158111544
603,decrease,increase,-0.6033253024547361
604,defeat,disappointment,-1.401866447544274
605,defeated,people,-1.7778834360227944
606,defeated,upset,-1.247464928485634
607,defense,protection,-1.4363682249743255
608,defensive,nazi,-1.7683583538757375
609,degree,quantity,-1.5613100247503937
610,degree,style,-1.649136281970703
611,delaware,wine,-1.7121470156753884
612,demand,demand,-0.0
613,demand,request,-1.5385643599349754
614,demand,supply,-1.134173491263218
615,demolition,skyline,-1.5497295462398786
616,demolition,skyscraper,-1.4106768299260521
617,department,division,-1.3604650101210543
618,depression,depression,-0.0
619,descent,fall,-1.5958529119303189
620,desert,mountain,-1.0659256710242604
621,desert,scenery,-1.3119663521650302
622,desert,smoke,-1.566652412020226
623,deserve,expect,-1.2883184012849043
624,deserve,merit,-1.2133325818823175
625,deserve,want,-1.2749190005528246
626,design,muscle,-1.682828827924937
627,designation,recognition,-1.3410236069853185
628,desk,suspension,-1.7332461794922172
629,dessert,eye,-1.67005971138477
630,dessert,fruit,-1.029446243671057
631,dessert,lunch,-1.103967799172495
632,dessert,orange,-1.344971782590652
633,dessert,pepper,-1.3591111287562823
634,destroy,disassembled,-1.599335861757437
635,develop,foundation,-1.4747443498560384
636,device,drum,-1.5688175838113807
637,devil,satan,-1.0078819701643411
638,dew,misty,-1.3901039357651142
639,dew,rain,-1.413514941492499
640,die,played,-1.711625753045611
641,dignity,integration,-1.6194351219181748
642,diluted,weak,-1.5609504415167372
643,diner,eat,-1.3440137565469554
644,diner,kitchen,-1.235803087570301
645,dinner,eat,-1.1431429331515894
646,dinner,lunch,-0.6310042906384352
647,dinner,night,-1.277368198431695
648,direction,government,-1.6634618294553862
649,dirt,racing,-1.4565574027404407
650,dirt,road,-1.2476581463496734
651,dirt,sand,-1.0106896292699428
652,dirty,feel,-1.5191259543696525
653,dirty,fun,-1.4685094830563603
654,dirty,rusty,-1.3597981477264731
655,discipline,science,-1.4337897209658665
656,discipline,system,-1.529627296514801
657,disease,plague,-1.1880188971161776
658,distance,distribution,-1.6384415948523745
659,distinguish,promise,-1.5685955345896603
660,distinguish,sex,-1.6554147390661933
661,distribute,research,-1.6537701824782751
662,distributed,spread,-1.5174709197427387
663,divide,split,-1.2212221180812943
664,division,lincoln,-1.7225176855543967
665,doctor,liability,-1.682490070742831
666,document,resolution,-1.3513260662177
667,dog,fauna,-1.7159146991157033
668,dog,pug,-1.2032141429935665
669,dog,puppy,-0.7577611649945986
670,dollar,yen,-0.9572441460234741
671,domain,land,-1.4991076173675344
672,dome,uniform,-1.6581141687329906
673,doodle,scratch,-1.559996475177622
674,door,interior,-1.420450521104475
675,door,kitchen,-1.2527646574048878
676,door,porch,-1.1871789983916674
677,door,room,-1.1987618862175389
678,door,wall,-1.240446873665075
679,door,window,-0.9791140324864018
680,doubt,ego,-1.3879374801576678
681,down,flush,-1.5037329404398339
682,downtown,shopping,-1.2463946358188043
683,downtown,shore,-1.4842354404446576
684,downtown,skyscraper,-1.3545566118694858
685,dragon,drop,-1.6562406614877936
686,dragon,metal,-1.5253038418736231
687,dragonfly,pond,-1.496403061637163
688,drain,tap,-1.3555728574875026
689,drawing,music,-1.5700324735374223
690,dress,wear,-0.9396731165730908
691,dressing,sauce,-1.0607185750013517
692,drink,murder,-1.71313744307125
693,drink,turn,-1.5384159359759408
694,dripping,puddle,-1.2244130580816832
695,drive,impulse,-1.584721193227972
696,drive,mechanism,-1.5848283812321895
697,drive,operate,-1.471400084135243
698,drop,hanging,-1.5037156622730545
699,drug,operator,-1.709263090765297
700,drug,reflection,-1.7554965463311438
701,duck,mallard,-1.2991064629102544
702,duck,outfit,-1.6107677252046717
703,dude,feel,-1.4464644489409222
704,dude,friend,-1.3599722381128168
705,dude,sexy,-1.3286172802636662
706,dude,stop,-1.5348707035679234
707,dusk,misty,-1.1971226139120106
708,dusk,skirt,-1.6540978530162858
709,earn,make,-1.434691921447362
710,east,israel,-1.563478247193954
711,easter,preference,-1.7544644211421592
712,eat,eat,-0.0
713,eat,fruit,-1.2076083509511375
714,eat,rabbit,-1.4008589015918078
715,eat,truck,-1.6698468941458662
716,edit,issue,-1.652185968948069
717,edition,issue,-1.5109902963235742
718,educated,learned,-1.456059794130027
719,education,education,-0.0
720,egg,family,-1.6764400863177216
721,egg,lego,-1.6599773213726714
722,eight,movement,-1.7269417825743525
723,electronics,guess,-1.7404895212498075
724,element,mixture,-1.5682692662601747
725,element,nickel,-1.6261437179494065
726,eliminate,eliminate,-0.0
727,emergency,temp,-1.6380714896107034
728,emission,gum,-1.7456788280088382
729,empty,evacuated,-1.5590166738883346
730,end,terminate,-1.5442372422132742
731,energy,force,-1.467949035792122
732,enforcing,execute,-1.5285397972950372
733,engineering,technology,-1.1223208282013322
734,enhanced,increased,-1.2970890523906227
735,environment,land,-1.522837767904423
736,equipment,rescue,-1.5937653835876142
737,escalator,railway,-1.4334190412191417
738,establishment,institution,-1.161124603689076
739,evaluate,terminate,-1.4417217211241722
740,evidence,identification,-1.3710644318240457
741,evidence,record,-1.5879465808219302
742,evolution,publicity,-1.6767159079382137
743,examination,study,-1.1825201007021056
744,example,specimen,-1.4953178524365784
745,exclude,lack,-1.5754379633606619
746,exhibit,parade,-1.4521266472234726
747,exhibition,museum,-1.022545332217459
748,exhibition,soup,-1.816887684890819
749,expanse,sheet,-1.6413279435937473
750,expect,think,-1.125424690659832
751,expectation,possibility,-1.311565310004436
752,experience,inexperience,-1.505861629932055
753,explain,swear,-1.448383968899655
754,explanation,theory,-1.178776693447491
755,explosion,stencil,-1.7921129461305385
756,express,mail,-1.4466825127531386
757,eye,lip,-1.169047925718554
758,eye,tear,-1.4069622223417997
759,fabric,photo,-1.6788336969215298
760,fabric,sail,-1.6315616668785946
761,face,glittering,-1.6223871419175022
762,face,tear,-1.4867762754545095
763,family,live,-1.4410301224228965
764,family,relay,-1.7573835694400846
765,family,square,-1.6800553923328014
766,fantasy,fiction,-1.013227618648406
767,farm,wind,-1.5775544781032556
768,fashion,handwriting,-1.6794486939678839
769,fashion,outfit,-1.263679051582564
770,fast,fast,-0.0
771,father,pop,-1.6517313374024014
772,fauna,toy,-1.7608814852064572
773,fear,panic,-1.003193549484527
774,fear,terror,-1.214339192637668
775,feather,grey,-1.406344380606434
776,feather,hummingbird,-1.4307217993597465
777,feather,insect,-1.510610304624986
778,feather,nest,-1.3615180298071896
779,feather,sunflower,-1.5229450555341506
780,feather,truck,-1.7415901259546531
781,feather,wild,-1.4807578812160553
782,feature,side,-1.5973175981427303
783,fee,tuition,-1.1546573623196983
784,feel,idea,-1.2706697440511883
785,feel,kiss,-1.491073938954812
786,feline,nut,-1.7305746282645769
787,feline,paw,-1.3976659341376356
788,fell,tear,-1.591151191803953
789,female,live,-1.5461432357284104
790,female,machine,-1.7043864631705625
791,female,makeup,-1.5416999269349243
792,festival,musician,-1.4936360899350494
793,fever,symptom,-1.1428622294685322
794,fiction,romance,-1.0803434695307477
795,field,science,-1.5023841707171266
796,field,squirrel,-1.689552886343261
797,filled,filled,-0.0
798,film,movie,-0.7465647002665322
799,finger,toe,-1.1455401113383754
800,fingerprint,identification,-1.1052021228411004
801,fire,smoke,-1.1666464372441105
802,fire,water,-1.4262050129391577
803,first,initial,-1.378083214003136
804,fishing,rainbow,-1.4474437291896476
805,five,month,-1.3995317361586994
806,flag,iris,-1.6400249862714837
807,flag,quote,-1.6529417848819603
808,flame,reaction,-1.6213124078783647
809,flame,sidewalk,-1.5983934402100544
810,flamingo,hummingbird,-1.32753987578386
811,flamingo,office,-1.7224861274123902
812,flat,housing,-1.5586931872194802
813,flight,jaguar,-1.7262114082670421
814,flight,trip,-1.2855641845263654
815,flood,flow,-1.3848193689287371
816,flood,line,-1.6565179002442567
817,flood,water,-1.3276076196702187
818,floor,level,-1.5555693415156646
819,floor,roof,-1.0699092957654044
820,floor,staircase,-1.0947963019544775
821,flower,foliage,-1.1297158242437526
822,flower,fruit,-1.2958545049562664
823,flower,violet,-1.2599355661797529
824,flower,wild,-1.3999784993844047
825,flush,spin,-1.6116462777835223
826,flute,wind,-1.6034130826710309
827,flying,sexy,-1.6713847117014948
828,focus,think,-1.5283728661735443
829,foliage,ivy,-1.324176129050551
830,foliage,moss,-1.2866637101863998
831,foliage,pink,-1.358404599720193
832,foliage,purple,-1.2634655243493893
833,foliage,violet,-1.345786201301232
834,follower,satellite,-1.8265570293115942
835,food,frozen,-1.3008120514858836
836,food,noodle,-1.3142432121746936
837,food,produce,-1.376629360227028
838,food,sausage,-1.302336742348877
839,food,wild,-1.5056861932316745
840,foot,piano,-1.658459198161155
841,foot,tall,-1.2413972591986273
842,foot,train,-1.5564266534788571
843,force,sacrifice,-1.5874411811373055
844,forecast,message,-1.748216733540243
845,forecast,predict,-1.3646492905454348
846,foreigner,travelers,-1.467974485686655
847,forest,ground,-1.4668194933547316
848,forest,nature,-1.3950448630504042
849,foul,play,-1.5286082636449696
850,found,found,-0.0
851,foundation,support,-1.4546937181961335
852,friend,guy,-1.2578469650783795
853,friend,happy,-1.3791838431166097
854,friend,smile,-1.4346766997192304
855,frog,poppy,-1.6101905956018352
856,frog,tropical,-1.4872193906167064
857,frog,whale,-1.3498362599971712
858,frost,lily,-1.4572342028178533
859,frost,shade,-1.3979000195633038
860,frost,sunshine,-1.3656542545932904
861,frost,weather,-1.3513819204260022
862,frozen,pebble,-1.7250693780964212
863,frozen,raspberry,-1.3290014102171126
864,frozen,salad,-1.183972153302054
865,fuel,lighter,-1.4508831206280912
866,full,full,-0.0
867,fun,guy,-1.2989446196557795
868,fun,kid,-1.2193849481110024
869,fun,relax,-1.3846564175764908
870,fun,sexy,-1.2947935017568732
871,fungi,leather,-1.7404043581173556
872,fungi,plant,-1.4277595474689522
873,furniture,man,-1.675918682058193
874,furniture,nature,-1.6539121209474636
875,game,sign,-1.6390389439314699
876,gang,murder,-1.2302208844488127
877,garbage,lunch,-1.6127822752466907
878,garbage,rubbish,-0.8248453986111076
879,garden,house,-1.261503845910339
880,garden,patio,-1.0098303168490192
881,garden,plantation,-1.3961732198179329
882,garlic,meal,-1.270957831081856
883,garment,tie,-1.4835907877050352
884,gas,state,-1.6247001884090564
885,gasoline,pepper,-1.748110569417845
886,gate,hotel,-1.5076014834355362
887,gauge,meter,-1.5158449450466438
888,gear,mechanism,-1.5356157380744355
889,gear,reverse,-1.6218450740980546
890,gender,representation,-1.42921507712665
891,gender,sex,-1.306384742469299
892,giraffe,harbor,-1.7492541779226505
893,giraffe,lion,-1.1564460927850384
894,giraffe,mist,-1.675256704420395
895,girl,morning,-1.5973140107306136
896,girl,wind,-1.6951347798859018
897,give,sacrifice,-1.4759494654756222
898,glass,tub,-1.3107783120598844
899,glittering,smile,-1.5274233015652992
900,glittering,sunshine,-1.4599057130206625
901,glove,wear,-1.3987362543258677
902,goal,objective,-1.3936449503843005
903,goat,milk,-1.1410027896457298
904,gold,texture,-1.667678284448646
905,good,sheet,-1.6783262367487695
906,goose,mallard,-1.3094472878865357
907,gore,pierce,-1.5773513498264833
908,government,immunity,-1.4540441689119652
909,government,transportation,-1.4937880551003624
910,gradual,slow,-1.191264689013143
911,grass,ruin,-1.5775081792749852
912,grass,weed,-1.1730049775852427
913,grate,lean,-1.5492626097479778
914,grave,hat,-1.6837296600614102
915,grave,shore,-1.604845502675341
916,graveyard,porch,-1.4559835749917907
917,graveyard,pug,-1.6971476755514254
918,greater,greater,-0.0
919,green,number,-1.7064986764503414
920,green,phone,-1.7347388269465285
921,green,violet,-1.221196253342456
922,green,yellow,-0.8546266980502351
923,grey,orange,-1.2146009335120587
924,grey,purple,-1.1150201077293516
925,grey,violet,-1.2200553855759508
926,grey,white,-1.0400608356289438
927,grip,hold,-1.3460091552644187
928,group,vinyl,-1.7390944215153323
929,growth,stock,-1.5395206647049084
930,guarantee,warranty,-1.2586473131903846
931,guardian,livestock,-1.6994035100305929
932,guild,smith,-1.6580104546825754
933,guitar,piano,-0.8468924407626187
934,gun,kennedy,-1.6922756924664688
935,gun,picture,-1.619011425283629
936,gun,stair,-1.694268252119492
937,guy,happy,-1.3260503408429798
938,guy,idea,-1.266870713407939
939,guy,people,-1.4024688810610817
940,guy,tear,-1.625207056204578
941,guy,wire,-1.685360613649338
942,hack,machine,-1.5293099277703646
943,hail,remember,-1.6661629549008492
944,haircut,sexy,-1.416340038108598
945,half-hour,weeknight,-1.5094287350891158
946,hamburger,nutrition,-1.515602455224865
947,hamster,party,-1.759716427756392
948,hand,left,-1.3094767766738724
949,hand,stand,-1.3703165528970362
950,handle,lighting,-1.6250027793707387
951,handle,tram,-1.7457912109973477
952,handwriting,pig,-1.746196135355122
953,handwriting,sketch,-1.387189460140903
954,hanging,probability,-1.760952530649395
955,hanging,stencil,-1.5450753837860978
956,hanging,stop,-1.5734470173696447
957,happy,kid,-1.3222395074217212
958,happy,love,-1.1575372217568793
959,happy,mom,-1.265536800445207
960,happy,night,-1.5032181912757272
961,happy,rusty,-1.6746382619893287
962,happy,time,-1.373700335708709
963,harbor,harbour,-0.8812082215315429
964,harbor,port,-1.2448664740405113
965,harbor,sailing,-1.2866145441664083
966,harbor,sea,-1.1507571699820458
967,harbor,sunk,-1.3366711763426518
968,harbour,sea,-1.2368042371157209
969,hard,zoo,-1.7260534878783163
970,hawk,hummingbird,-1.387916967294635
971,hawk,insect,-1.5440919274101719
972,hawk,mallard,-1.4153329155396321
973,head,question,-1.6841535998363832
974,head,secretary,-1.3980103498962608
975,headlight,light,-1.3692379117312834
976,health,welfare,-1.1517005712207329
977,heart,space,-1.6522375209494957
978,height,infinite,-1.6208643526934154
979,helix,spiral,-1.3359011863348464
980,herb,mushroom,-1.1089037138481526
981,heroin,shoot,-1.6867161613363122
982,highway,street,-1.2850545748605793
983,highway,traffic,-1.1570560902324452
984,hike,production,-1.6889619516917054
985,hill,mountain,-1.0908941534059617
986,hill,river,-1.3001167715002897
987,hill,town,-1.2936755344502764
988,hinder,relieve,-1.4068536321930107
989,history,recital,-1.6422917124959728
990,hit,pop,-1.4294940921849404
991,hockey,play,-1.3587649697486242
992,home,return,-1.5060834958488893
993,homer,odyssey,-1.6630337010454013
994,honolulu,vacation,-1.5768289091596899
995,hood,protection,-1.616673200792898
996,horse,interior,-1.7318435659168399
997,horse,sweet,-1.5665692673121343
998,hostility,war,-1.4440111309470642
999,hot,winter,-1.4449475288835876
1000,hot,zombie,-1.6569086552797576
1001,hotel,house,-1.38194490307072
1002,house,poster,-1.6232844455351274
1003,house,staircase,-1.403361486262321
1004,house,windmill,-1.532052331879675
1005,hummingbird,moss,-1.5734106037666051
1006,hummingbird,reptile,-1.471728334793829
1007,husky,painting,-1.6768674847096903
1008,husky,play,-1.6463753999941115
1009,icon,representation,-1.638795519446134
1010,idea,stop,-1.4744806031169146
1011,image,image,-0.0
1012,implement,use,-1.3962417444200896
1013,improvement,recovery,-1.2645686901676019
1014,income,sales,-1.2605079116167248
1015,index,mass,-1.6676839185304324
1016,information,target,-1.6012721293477934
1017,inhale,smoking,-1.406683138862477
1018,initial,letter,-1.5035922007484832
1019,ink,liquid,-1.3006160456002744
1020,ink,pencil,-1.1849571903390903
1021,installation,zoo,-1.704413963885832
1022,instruction,lesson,-1.181512667323083
1023,instruction,recipe,-1.6575753712062058
1024,intending,plan,-1.482648485255262
1025,intensity,quiet,-1.537542406519211
1026,interest,possess,-1.6076297319239654
1027,interior,roof,-1.3090853664759716
1028,interior,tall,-1.5946473769711802
1029,interior,wall,-1.39009788384094
1030,invalid,void,-1.3081963468814441
1031,ipod,rope,-1.682555708144354
1032,iron,splash,-1.6024707481959075
1033,isolation,solitude,-1.259463118800418
1034,israel,terror,-1.4113525975025998
1035,item,newspaper,-1.6775376812051104
1036,ivy,urban,-1.6338761899345342
1037,jacket,jean,-1.3942379271386416
1038,jacket,leather,-1.0497852788724331
1039,jacket,shirt,-0.8173341060624338
1040,jackson,quota,-1.8373977408262514
1041,jaguar,pier,-1.7443399362627856
1042,jail,nick,-1.694125219517912
1043,jazz,musician,-1.0913387898663904
1044,jazz,neck,-1.7115796702452515
1045,jazz,piano,-1.0390336136613236
1046,jean,outfit,-1.5021521216448115
1047,jean,shirt,-1.407481205250871
1048,jellyfish,texture,-1.656560849384906
1049,jewel,person,-1.713283735085548
1050,joke,law,-1.6721986515731706
1051,journal,writing,-1.383987237577468
1052,jump,sunlight,-1.6801567003085522
1053,jumper,sweater,-1.4128598010604914
1054,justice,official,-1.503172209560946
1055,juvenile,rope,-1.7274089542336775
1056,keep,keep,-0.0
1057,key,palace,-1.7526989810532991
1058,kiss,lip,-1.3310223247567325
1059,kiss,sweet,-1.3189504822616047
1060,kitchen,outfit,-1.5892953675124502
1061,kitchen,sleep,-1.5580762590312112
1062,kitchen,stair,-1.4447000215314307
1063,kitchen,wedding,-1.5418769011150109
1064,kitten,kitty,-1.0207227308589188
1065,kitten,paw,-1.247042315907323
1066,kitten,rain,-1.7190690100189185
1067,kitty,licking,-1.49259520027499
1068,knitting,stitch,-1.0956958158063566
1069,lady,stop,-1.6129746789201667
1070,lady,sunset,-1.5859301601316347
1071,lager,yeast,-1.3716323349769604
1072,lake,valley,-1.0233157864123092
1073,lamb,young,-1.660683879654908
1074,lamp,light,-1.1188935330332845
1075,landscape,painting,-1.218089602358519
1076,lantern,oak,-1.5505003763523102
1077,lapse,suspension,-1.594279540424003
1078,last,senior,-1.625577467593771
1079,law,lawyer,-1.3374575265565167
1080,law,mosaic,-1.7918192767882235
1081,law,similarity,-1.713522208093371
1082,leaf,nature,-1.629986642280244
1083,learning,study,-1.368272063650827
1084,leather,sunshine,-1.677142565041584
1085,lebanon,war,-1.4802970221539689
1086,left,play,-1.5896151125142284
1087,left,sitting,-1.4478634118167835
1088,left,smile,-1.604709323245599
1089,left,stop,-1.5435029725570841
1090,left,walk,-1.482960999472739
1091,levy,request,-1.5874545942723115
1092,license,security,-1.5444506678286163
1093,licking,puppy,-1.4453096443765496
1094,licking,sitting,-1.4320220267973327
1095,lie,line,-1.5996825418845702
1096,life,story,-1.364814712809298
1097,light,neon,-1.2668782007889108
1098,light,shade,-1.1882238242528762
1099,light,sleep,-1.5799222595506521
1100,lighter,lighter,-0.0
1101,lighting,person,-1.7067338989587066
1102,lily,purple,-1.261271183267733
1103,line,lunch,-1.649708098937028
1104,line,temple,-1.6941632566528508
1105,lineup,roll,-1.646940397495395
1106,lingerie,underground,-1.7451710015428308
1107,link,union,-1.6995813167987541
1108,lion,square,-1.595828991210071
1109,lion,tiger,-1.0206486822837986
1110,lip,run,-1.718956092223697
1111,liquid,liquid,-0.0
1112,liquid,matter,-1.6008487649127643
1113,list,position,-1.6435734228058028
1114,live,makeup,-1.6907342626817874
1115,live,race,-1.6441802711819222
1116,living,support,-1.633552953868958
1117,load,weight,-1.3548986402374188
1118,location,property,-1.4437746090333783
1119,look,look,-0.0
1120,looking,search,-1.4402558015777172
1121,lost,people,-1.5144133029553863
1122,low,shoulder,-1.6503726760684883
1123,lower,sustain,-1.5063775863768967
1124,machine,pond,-1.6678187147941856
1125,madhouse,mental,-1.704934731507486
1126,magnolia,maple,-1.3317378179633828
1127,majority,number,-1.4758625254008972
1128,maker,manufacturer,-0.9598379530788982
1129,makeup,people,-1.6770612280584267
1130,makeup,skull,-1.566846063964658
1131,male,man,-1.3738663132629128
1132,male,tongue,-1.6018006170351207
1133,mallard,portrait,-1.7026337545610806
1134,man,sexy,-1.3955444989369514
1135,map,weed,-1.7333241137750888
1136,marble,marching,-1.6522228730980313
1137,marble,monkey,-1.5911736137117787
1138,marble,statue,-1.2112789121603589
1139,marble,stone,-0.9187408821418692
1140,marble,wall,-1.2535980376872025
1141,mark,trace,-1.628223069727205
1142,market,sell,-1.244870865913303
1143,married,person,-1.56261773592152
1144,mask,roof,-1.6076791362559804
1145,match,stadium,-1.4668105856415694
1146,mature,mature,-0.0
1147,maxwell,transmission,-1.820970758691398
1148,mayor,water,-1.7443765269291451
1149,meaning,translation,-1.3175377155121768
1150,measure,money,-1.5826821213004576
1151,measure,sea,-1.7086659884830864
1152,meat,pond,-1.6285281732234933
1153,mechanism,stabilize,-1.4858726202283798
1154,medium,organization,-1.7175980604616234
1155,melody,music,-1.1489490604776866
1156,memorial,people,-1.703407531919061
1157,memorial,rope,-1.7415471596963972
1158,memory,operation,-1.583724024295069
1159,merchandise,stock,-1.5429341550734512
1160,metal,silver,-1.2343280143315305
1161,metal,zinc,-1.265818872525954
1162,metro,station,-1.208378979798502
1163,microwave,radiation,-1.4321552257721533
1164,mill,sunflower,-1.5541879238193477
1165,mill,wild,-1.6363676142784278
1166,mind,mind,-0.0
1167,mind,recall,-1.4534883372079517
1168,ministry,resident,-1.6688880482292683
1169,minor,minority,-1.6631024774331915
1170,mirror,raspberry,-1.7498298363724007
1171,mist,sunshine,-1.296447610971
1172,misty,rain,-1.3499041245579155
1173,misty,scenery,-1.3542121449520046
1174,misty,sky,-1.2085519160620173
1175,misty,sunrise,-1.2573384282599132
1176,misty,weather,-1.4928032215861382
1177,modification,surprise,-1.7264451059833796
1178,money,pile,-1.5879992326591823
1179,month,week,-0.7914450788554035
1180,moon,mushroom,-1.5706277247198526
1181,moon,planet,-1.1164142468664906
1182,moon,sky,-1.026958397226954
1183,moon,sun,-1.071683740761279
1184,morning,sky,-1.4151270878574695
1185,morning,sleep,-1.4196904231301737
1186,morning,time,-1.410587301271656
1187,moroccan,morocco,-1.2898856555074287
1188,mother,pregnant,-1.068448576754745
1189,mother,yeast,-1.7583911783457786
1190,motor,vehicle,-1.1570328851063205
1191,motto,volunteer,-1.5772435956700965
1192,mountain,sea,-1.3316036662208786
1193,mouth,tongue,-0.8947514093508375
1194,move,shifting,-1.411040556714723
1195,move,spread,-1.564301819516086
1196,move,stick,-1.4733768338555664
1197,move,swell,-1.5780161651085136
1198,movie,television,-1.363852362152824
1199,mural,paint,-1.3292465107725229
1200,murphy,potato,-1.7251933723919195
1201,muscle,nature,-1.6577084093248502
1202,mushroom,salad,-1.0375229763350473
1203,music,sound,-1.1327358340522722
1204,musical,opera,-1.0967782898935072
1205,musician,piano,-1.252598157416271
1206,narration,telling,-1.517016248667414
1207,native,rhodes,-1.7102576839423238
1208,nest,wasp,-1.2898640541983628
1209,night,sitting,-1.4339032961549878
1210,night,sunset,-1.3095396864090334
1211,noise,splash,-1.5575391299536459
1212,notebook,production,-1.7311311920604349
1213,nude,painting,-1.4375301547681212
1214,number,square,-1.6255361767561762
1215,number,web,-1.6069797120032085
1216,occupancy,percent,-1.3703792311395255
1217,ocean,sea,-0.7346491369312165
1218,ocean,underwater,-1.1622169008641625
1219,ocean,water,-1.2209734106388035
1220,opening,up,-1.4912189477186775
1221,opera,serial,-1.627381315983334
1222,orange,pink,-0.907357381031729
1223,orange,purple,-0.879555393916388
1224,orange,red,-0.8299442603582892
1225,orange,strawberry,-1.0758860454620003
1226,order,world,-1.6460389863733402
1227,outdoor,swimming,-1.1616245116339552
1228,outfit,skirt,-1.1116614143653767
1229,overflow,sewer,-1.3818639923561133
1230,padding,tower,-1.7228890168750295
1231,paint,puddle,-1.4792239184702989
1232,pakistan,radical,-1.6528836063581136
1233,panorama,scenery,-1.1543115278911262
1234,paper,paper,-0.0
1235,paper,tattoo,-1.6203546348691584
1236,papers,security,-1.6644291974857746
1237,parade,store,-1.6256775948225435
1238,parade,table,-1.667413970339475
1239,parcel,region,-1.6145650014868085
1240,parking,photographer,-1.7648698359734574
1241,parrot,wing,-1.5764777145425855
1242,part,pressing,-1.597680656947601
1243,part,substance,-1.5679755289314519
1244,patch,spot,-1.5843348577289358
1245,patent,professional,-1.689436009308239
1246,path,sunflower,-1.7816252286670962
1247,patio,room,-1.1870918410306674
1248,patio,sitting,-1.295161441671895
1249,patio,swan,-1.6471681502804756
1250,patio,washing,-1.4371825359611758
1251,patronage,people,-1.7052419882791583
1252,patterned,professor,-1.8366272870877545
1253,pavilion,terrace,-1.2220648762889534
1254,paw,pet,-1.3690754021963907
1255,peace,war,-1.3392872501927489
1256,pebble,sand,-1.2731022424282303
1257,people,wounded,-1.4666506652520033
1258,perceive,touching,-1.5363840358174878
1259,perform,solo,-1.4703979186036062
1260,permission,tolerance,-1.737281884825912
1261,person,technician,-1.5810123674599825
1262,petal,yellow,-1.4164346977727285
1263,phantom,shadow,-1.418635707292809
1264,phone,stock,-1.7126124686487694
1265,photo,picture,-1.0774630460421848
1266,photography,portrait,-1.1543885400218257
1267,physical,resolution,-1.6370273425349342
1268,piano,wolf,-1.640334394351104
1269,piece,sail,-1.6777593852666084
1270,pigeon,reading,-1.7472517019602367
1271,pigeon,round,-1.700328233918962
1272,pillow,stone,-1.5019724899323537
1273,pink,red,-0.8187992408310499
1274,pink,shade,-1.1730634751953428
1275,pink,yellow,-0.8161647063554743
1276,pizza,railway,-1.7453117305170769
1277,place,place,-0.0
1278,place,position,-1.3879548168325115
1279,place,siphon,-1.7406812925693649
1280,plane,radar,-1.3720805271363452
1281,plant,seed,-1.3077239664865807
1282,plant,skate,-1.7787714897336797
1283,plot,strategy,-1.519764994997574
1284,pod,round,-1.649987633576743
1285,point,second,-1.2404700218659859
1286,point,tennis,-1.6954307921306984
1287,point,trouble,-1.4455567011101742
1288,poll,straw,-1.6210679242378427
1289,poll,vote,-1.1902236504774795
1290,poodle,terrier,-0.9458935860532026
1291,porch,pug,-1.7010517989098168
1292,porch,staircase,-1.15543759623127
1293,portrait,rocket,-1.8163169195123068
1294,possession,possession,-0.0
1295,post,view,-1.5498128650298721
1296,post,white,-1.6830025106392523
1297,potato,sweet,-1.118594507843763
1298,power,sway,-1.4765889461281163
1299,pregnancy,pregnant,-0.9551070288877337
1300,price,price,-0.0
1301,print,produce,-1.5066688985853025
1302,process,rule,-1.466875243426842
1303,production,theater,-1.5435571295153236
1304,project,project,-0.0
1305,proper,right,-1.4202320117655363
1306,property,size,-1.6764496809730545
1307,protection,roof,-1.6337005422405102
1308,protocol,rule,-1.3842822088798459
1309,publish,show,-1.604463607914169
1310,puddle,street,-1.6020868773465209
1311,purple,red,-0.7699879438557533
1312,purple,shade,-1.1524907089051184
1313,purple,stripe,-1.2376766117048692
1314,put,space,-1.5531792623543772
1315,quiet,silence,-1.207836829201032
1316,race,racing,-0.9627192003549601
1317,racing,shirt,-1.65920165352541
1318,racket,tennis,-1.401427631718509
1319,radical,uniform,-1.6955626769746686
1320,rail,train,-1.0333836359694133
1321,railroad,underground,-1.3643403311104352
1322,railway,station,-1.0898019542877275
1323,railway,train,-0.9598163111378735
1324,rain,sun,-1.2595015656308095
1325,rainbow,whale,-1.4475980510494513
1326,raise,shoulders,-1.665960188198951
1327,raising,upbringing,-1.6399964096153952
1328,rap,tap,-1.613066210685944
1329,ray,shark,-1.5557161138564388
1330,read,reading,-0.8796535729599896
1331,recognition,recognition,-0.0
1332,recognition,seeing,-1.5867793214914814
1333,record,score,-1.3451999277593603
1334,record,write,-1.6383095281722186
1335,red,shade,-1.2566051616487872
1336,red,tea,-1.4028857110298047
1337,red,white,-0.8336053974105314
1338,redhead,reflection,-1.6994218125323206
1339,relax,sunshine,-1.4457992835815323
1340,religion,trinity,-1.474833694374965
1341,representative,voice,-1.653849514432731
1342,reptile,swim,-1.5995306350666076
1343,reptile,wild,-1.5202348704797866
1344,reservation,reservation,-0.0
1345,resistance,resistance,-0.0
1346,restaurant,shopping,-1.348768539923561
1347,restaurant,sushi,-1.085386978548221
1348,restaurant,violet,-1.7603171567983364
1349,review,study,-1.4207014039551487
1350,reviewers,writer,-1.5282590776141185
1351,rice,soup,-0.9459719776821968
1352,rice,yellow,-1.4560477493095767
1353,river,stream,-1.2951728272053689
1354,riverside,vietnamese,-1.5823525371051292
1355,road,sidewalk,-1.3541138219847073
1356,robbery,rolling,-1.7533827369413375
1357,rock,stone,-1.2495651323829047
1358,rodent,smile,-1.6914267824856375
1359,rolling,sound,-1.5351248155444641
1360,roof,stair,-1.322335418695428
1361,roof,tile,-1.1969106316595512
1362,room,stair,-1.4653286091891924
1363,rope,shore,-1.5501564495028965
1364,rose,rose,-0.0
1365,rough,rough,-0.0
1366,round,travel,-1.667685122036513
1367,row,terrace,-1.5252287778142295
1368,rugby,soccer,-0.9435641107327374
1369,ruin,shore,-1.5438720669507906
1370,ruin,stone,-1.507863284234261
1371,ruin,town,-1.5222449771709092
1372,run,train,-1.5244455017351197
1373,running,sprint,-1.4737503839819868
1374,rust,rusty,-1.219005138265928
1375,rusty,shade,-1.4927440099464024
1376,sacrifice,sacrifice,-0.0
1377,sailing,sunk,-1.398159334740071
1378,salad,soup,-0.6939397758060376
1379,salad,sweet,-1.1147345350811186
1380,scenery,shore,-1.4619085980887117
1381,scenery,sketch,-1.5427425517381959
1382,scenery,skyline,-1.3198776613309116
1383,scenery,sunshine,-1.3545646053301335
1384,scenery,trail,-1.378106320526629
1385,scenery,valley,-1.4120581349796433
1386,school,traffic,-1.6624986611797172
1387,science,shelter,-1.745864079721366
1388,sea,sing,-1.6956075445067023
1389,sea,swim,-1.319149633028984
1390,seal,washers,-1.4888418002709078
1391,season,summer,-1.2466998563966636
1392,second,time,-1.3679652810329372
1393,session,surprise,-1.6353949841922106
1394,sexy,smile,-1.397509516710189
1395,shade,sunlight,-1.1614166311568568
1396,shade,whale,-1.6955391485811453
1397,shade,yellow,-1.217370780205879
1398,shed,traffic,-1.7074337885240332
1399,sheet,window,-1.4545458115330796
1400,shifting,shifting,-0.0
1401,shirt,show,-1.626448155016016
1402,shirt,skirt,-1.0079841074141351
1403,shoot,sucker,-1.486214280685385
1404,shop,shopping,-1.079676157720425
1405,shop,summer,-1.5965857663737189
1406,shore,swim,-1.2756361871404391
1407,shore,valley,-1.3810281289951754
1408,shore,waterfall,-1.4355167730582843
1409,shore,woodland,-1.4768077520400384
1410,shot,shot,-0.0
1411,side,street,-1.3867155942789258
1412,sight,vision,-1.3510727636984512
1413,sign,street,-1.5473565442553834
1414,silence,still,-1.4708163132725967
1415,singles,tennis,-1.3736552713624688
1416,sit,sit,-0.0
1417,situation,things,-1.241063871671778
1418,skate,skating,-0.9182548133700532
1419,sketch,texture,-1.5692873450931761
1420,skin,television,-1.795489559054494
1421,skull,storm,-1.650254517936238
1422,sky,sunlight,-1.1691894753371586
1423,skyline,skyscraper,-1.1003889909703617
1424,slash,stroke,-1.6569891809511499
1425,slave,work,-1.6388545566378252
1426,slave,worker,-1.478386345990341
1427,sleeping,waking,-1.05477961775143
1428,small,valley,-1.5086171804543247
1429,smash,success,-1.5996378325451799
1430,smile,stand,-1.5227351009665624
1431,smoking,sunny,-1.6764645542676508
1432,snake,taxi,-1.630878561815079
1433,snap,touch,-1.3843693334257243
1434,snow,sunshine,-1.2188553236693305
1435,space,space,-0.0
1436,species,stability,-1.6923152577350014
1437,spiral,staircase,-1.2251054988187742
1438,splash,swim,-1.401598715626901
1439,spring,sunshine,-1.3501387563642047
1440,sprint,standing,-1.705484999510751
1441,square,town,-1.4075742749359839
1442,stair,steel,-1.4794534408951159
1443,stamp,weave,-1.707184756054196
1444,star,storm,-1.6828681849232958
1445,statement,word,-1.4493136438827776
1446,station,train,-1.1342627917566368
1447,steel,weapon,-1.6116310760331232
1448,steel,wing,-1.6036410940649208
1449,stock,stock,-0.0
1450,stone,wall,-1.2382425109153186
1451,storm,sweet,-1.6948503827883055
1452,storm,thunderstorm,-1.0200412285955918
1453,straight,stretch,-1.339599490178511
1454,strains,trouble,-1.6597459575673057
1455,strawberry,sweet,-1.1091074579421205
1456,strawberry,tomato,-1.104909873416421
1457,string,string,-0.0
1458,string,team,-1.7139657898424843
1459,stripe,violet,-1.3549962041539496
1460,stripe,white,-1.2648487180628019
1461,stroke,stroke,-0.0
1462,study,study,-0.0
1463,subway,train,-1.0504239133981499
1464,suffering,suffering,-0.0
1465,summer,weather,-1.279995742160103
1466,sun,sunshine,-0.9995610532829098
1467,sunglass,weed,-1.8009040263600353
1468,sunny,sunset,-1.2449092696878814
1469,sunny,wet,-1.3859500583079956
1470,sunny,winter,-1.2214463898846704
1471,sunshine,weather,-1.2250579872734657
1472,supporters,trader,-1.7951696067266554
1473,surf,surfer,-1.064468190735129
1474,swim,swimming,-0.9058401590600824
1475,swim,underwater,-1.3042753777702767
1476,swim,vehicle,-1.7568278625110039
1477,tea,village,-1.5787321113017467
1478,tenure,term,-1.329830303411304
1479,term,term,-0.0
1480,things,things,-0.0
1481,town,village,-0.797625030389527
1482,track,yellow,-1.6702021928718236
1483,trading,trading,-0.0
1484,trading,traffic,-1.6240114187848607
1485,trailer,vehicle,-1.3597833043786893
1486,travel,wandering,-1.6052803728652512
1487,travel,wood,-1.7476043709991198
1488,troops,troops,-0.0
1489,upgrade,upgrade,-0.0
1490,van,vehicle,-1.4710700142167317
1491,vanished,vanished,-0.0
1492,vine,wine,-1.3781500741225614
1493,violet,yellow,-1.1334919786507902
1494,washer,worker,-1.6956957601566305
1495,water,water,-0.0
1496,ways,ways,-0.0
1497,white,white,-0.0
1498,wife,woman,-1.0861842796192758
1499,word,word,-0.0
